"id","title","date","path"
"1","Pascal Vanderveeren, avocat de Patokh Chodiev dans l’affaire du Kazakhate, est décédé ","2023-01-17","article-1.jpg"
"2","Une prise d’otage en cours à Saint-Gilles","2023-01-18","article-2.png"
"3","Carton plein pour le lancement du bon d’Etat à un an","2023-01-17","article-3.jpg"
"4","Anderlecht enlève des poubelles pour éviter les dépots clandestins ","2023-01-18","article-4.png"
"5","Moins d’un francophone sur deux choisit le néerlandais comme première langue en secondaire","2023-01-17","article-5.jpg"
"6","Des orages attendus dans l’après-midi ","2023-06-18","article-6.jpg"
"7","Mondiaux d’athlétisme : Cynthia Bolingo 5e de la finale du 400m ","2023-05-17","article-7.png"
"8","La Maison Hannon a accueilli son 10.000e visiteur ce mercredi ","2024-01-18","article-8.png"
"9","Rentrée scolaire : l’ASBL “Solidarité Grands Froids” distribue des kits destinés aux enfants vivants sous le seuil de pauvreté ","2023-01-19","article-9.png"
"10","“Valorisez l’eau de pluie” : Laeken invite ses citoyens à lutter contre les inondations","2023-01-18","article-10.png"
